{"0": {"id": "0", "name": "Akatosh", "current_location": [40.76239726738393, -73.98535591912288], "predominant_location": [40.76239726738393, -73.98535591912288], "tastes": {}, "travel_propensity": 0.0, "candidates": [], "pending_likes": {}, "matches": {}, "match_blacklist": {"0": 1623107131.4881144}}, "1": {"id": "1", "name": "Arkay", "current_location": [40.725129214235906, -74.00890261566913], "predominant_location": [40.725129214235906, -74.00890261566913], "tastes": {}, "travel_propensity": 0.0, "candidates": [], "pending_likes": {}, "matches": {}, "match_blacklist": {"0": 1623107131.4881144, "1": 1623107131.4883041}}, "2": {"id": "2", "name": "Dibella", "current_location": [40.741017881368464, -74.00117427421182], "predominant_location": [40.741017881368464, -74.00117427421182], "tastes": {}, "travel_propensity": 0.0, "candidates": [], "pending_likes": {}, "matches": {}, "match_blacklist": {"0": 1623107131.4881144, "1": 1623107131.4883041, "2": 1623107131.4885068}}, "3": {"id": "3", "name": "Julianos", "current_location": [40.73177160800917, -73.98768967670914], "predominant_location": [40.73177160800917, -73.98768967670914], "tastes": {}, "travel_propensity": 0.0, "candidates": [], "pending_likes": {}, "matches": {}, "match_blacklist": {"0": 1623107131.4881144, "1": 1623107131.4883041, "2": 1623107131.4885068, "3": 1623107131.4887328}}, "4": {"id": "4", "name": "Kynareth", "current_location": [40.76479559093038, -74.01791487352143], "predominant_location": [40.76479559093038, -74.01791487352143], "tastes": {}, "travel_propensity": 0.0, "candidates": [], "pending_likes": {}, "matches": {}, "match_blacklist": {"0": 1623107131.4881144, "1": 1623107131.4883041, "2": 1623107131.4885068, "3": 1623107131.4887328, "4": 1623107131.4889839}}, "5": {"id": "5", "name": "Mara", "current_location": [40.72086658157817, -74.00183905871404], "predominant_location": [40.72086658157817, -74.00183905871404], "tastes": {}, "travel_propensity": 0.0, "candidates": [], "pending_likes": {}, "matches": {}, "match_blacklist": {"0": 1623107131.4881144, "1": 1623107131.4883041, "2": 1623107131.4885068, "3": 1623107131.4887328, "4": 1623107131.4889839, "5": 1623107131.4892564}}, "6": {"id": "6", "name": "Stendarr", "current_location": [40.725217707321875, -74.0189579789203], "predominant_location": [40.725217707321875, -74.0189579789203], "tastes": {}, "travel_propensity": 0.0, "candidates": [], "pending_likes": {}, "matches": {}, "match_blacklist": {"0": 1623107131.4881144, "1": 1623107131.4883041, "2": 1623107131.4885068, "3": 1623107131.4887328, "4": 1623107131.4889839, "5": 1623107131.4892564, "6": 1623107131.4895546}}, "7": {"id": "7", "name": "Talos", "current_location": [40.74398126998127, -73.99036023623222], "predominant_location": [40.74398126998127, -73.99036023623222], "tastes": {}, "travel_propensity": 0.0, "candidates": [], "pending_likes": {}, "matches": {}, "match_blacklist": {"0": 1623107131.4881144, "1": 1623107131.4883041, "2": 1623107131.4885068, "3": 1623107131.4887328, "4": 1623107131.4889839, "5": 1623107131.4892564, "6": 1623107131.4895546, "7": 1623107131.4898841}}, "8": {"id": "8", "name": "Zenithar", "current_location": [40.7568078634429, -73.98146686710474], "predominant_location": [40.7568078634429, -73.98146686710474], "tastes": {}, "travel_propensity": 0.0, "candidates": [], "pending_likes": {}, "matches": {}, "match_blacklist": {"0": 1623107131.4881144, "1": 1623107131.4883041, "2": 1623107131.4885068, "3": 1623107131.4887328, "4": 1623107131.4889839, "5": 1623107131.4892564, "6": 1623107131.4895546, "7": 1623107131.4898841, "8": 1623107131.4902446}}, "9": {"id": "9", "name": "Azura", "current_location": [40.7169786442563, -74.01782573313321], "predominant_location": [40.7169786442563, -74.01782573313321], "tastes": {}, "travel_propensity": 0.0, "candidates": [], "pending_likes": {}, "matches": {}, "match_blacklist": {"0": 1623107131.4881144, "1": 1623107131.4883041, "2": 1623107131.4885068, "3": 1623107131.4887328, "4": 1623107131.4889839, "5": 1623107131.4892564, "6": 1623107131.4895546, "7": 1623107131.4898841, "8": 1623107131.4902446, "9": 1623107131.4906368}}, "10": {"id": "10", "name": "Boethiah", "current_location": [40.76884643989995, -73.99752036732055], "predominant_location": [40.76884643989995, -73.99752036732055], "tastes": {}, "travel_propensity": 0.0, "candidates": [], "pending_likes": {}, "matches": {}, "match_blacklist": {"0": 1623107131.4881144, "1": 1623107131.4883041, "2": 1623107131.4885068, "3": 1623107131.4887328, "4": 1623107131.4889839, "5": 1623107131.4892564, "6": 1623107131.4895546, "7": 1623107131.4898841, "8": 1623107131.4902446, "9": 1623107131.4906368, "10": 1623107131.4911652}}, "11": {"id": "11", "name": "Clavicus Vile", "current_location": [40.71474510224756, -74.0038886985613], "predominant_location": [40.71474510224756, -74.0038886985613], "tastes": {}, "travel_propensity": 0.0, "candidates": [], "pending_likes": {}, "matches": {}, "match_blacklist": {"0": 1623107131.4881144, "1": 1623107131.4883041, "2": 1623107131.4885068, "3": 1623107131.4887328, "4": 1623107131.4889839, "5": 1623107131.4892564, "6": 1623107131.4895546, "7": 1623107131.4898841, "8": 1623107131.4902446, "9": 1623107131.4906368, "10": 1623107131.4911652, "11": 1623107131.492768}}, "12": {"id": "12", "name": "Hermaeus Mora", "current_location": [40.75752803710793, -74.00226241936676], "predominant_location": [40.75752803710793, -74.00226241936676], "tastes": {}, "travel_propensity": 0.0, "candidates": [], "pending_likes": {}, "matches": {}, "match_blacklist": {"0": 1623107131.4881144, "1": 1623107131.4883041, "2": 1623107131.4885068, "3": 1623107131.4887328, "4": 1623107131.4889839, "5": 1623107131.4892564, "6": 1623107131.4895546, "7": 1623107131.4898841, "8": 1623107131.4902446, "9": 1623107131.4906368, "10": 1623107131.4911652, "11": 1623107131.492768, "12": 1623107131.493493}}, "13": {"id": "13", "name": "Hircine", "current_location": [40.76863358049971, -74.01022937693632], "predominant_location": [40.76863358049971, -74.01022937693632], "tastes": {}, "travel_propensity": 0.0, "candidates": [], "pending_likes": {}, "matches": {}, "match_blacklist": {"0": 1623107131.4881144, "1": 1623107131.4883041, "2": 1623107131.4885068, "3": 1623107131.4887328, "4": 1623107131.4889839, "5": 1623107131.4892564, "6": 1623107131.4895546, "7": 1623107131.4898841, "8": 1623107131.4902446, "9": 1623107131.4906368, "10": 1623107131.4911652, "11": 1623107131.492768, "12": 1623107131.493493, "13": 1623107131.494028}}, "14": {"id": "14", "name": "Jyggalag", "current_location": [40.7444253292431, -73.99933299185945], "predominant_location": [40.7444253292431, -73.99933299185945], "tastes": {}, "travel_propensity": 0.0, "candidates": [], "pending_likes": {}, "matches": {}, "match_blacklist": {"0": 1623107131.4881144, "1": 1623107131.4883041, "2": 1623107131.4885068, "3": 1623107131.4887328, "4": 1623107131.4889839, "5": 1623107131.4892564, "6": 1623107131.4895546, "7": 1623107131.4898841, "8": 1623107131.4902446, "9": 1623107131.4906368, "10": 1623107131.4911652, "11": 1623107131.492768, "12": 1623107131.493493, "13": 1623107131.494028, "14": 1623107131.4946086}}, "15": {"id": "15", "name": "Malacath", "current_location": [40.75655193969896, -74.00986467255792], "predominant_location": [40.75655193969896, -74.00986467255792], "tastes": {}, "travel_propensity": 0.0, "candidates": [], "pending_likes": {}, "matches": {}, "match_blacklist": {"0": 1623107131.4881144, "1": 1623107131.4883041, "2": 1623107131.4885068, "3": 1623107131.4887328, "4": 1623107131.4889839, "5": 1623107131.4892564, "6": 1623107131.4895546, "7": 1623107131.4898841, "8": 1623107131.4902446, "9": 1623107131.4906368, "10": 1623107131.4911652, "11": 1623107131.492768, "12": 1623107131.493493, "13": 1623107131.494028, "14": 1623107131.4946086, "15": 1623107131.4952257}}, "16": {"id": "16", "name": "Mehrunes Dagon", "current_location": [40.75739885988678, -74.0007723028722],