{"0": {"user_id": "0", "name": "Akatosh", "current_location": [40.76239726738393, -73.98535591912288], "predominant_location": [40.76239726738393, -73.98535591912288], "tastes": {}, "travel_propensity": 0.0, "candidates": [], "pending_likes": {}, "matches": [], "match_blacklist": {"0": 1623261543.453041}}, "1": {"user_id": "1", "name": "Arkay", "current_location": [40.725129214235906, -74.00890261566913], "predominant_location": [40.725129214235906, -74.00890261566913], "tastes": {}, "travel_propensity": 0.0, "candidates": [], "pending_likes": {}, "matches": [], "match_blacklist": {"0": 1623261543.453041, "1": 1623261543.4555628}}, "2": {"user_id": "2", "name": "Dibella", "current_location": [40.741017881368464, -74.00117427421182], "predominant_location": [40.741017881368464, -74.00117427421182], "tastes": {}, "travel_propensity": 0.0, "candidates": [], "pending_likes": {}, "matches": [], "match_blacklist": {"0": 1623261543.453041, "1": 1623261543.4555628, "2": 1623261543.4557977}}, "3": {"user_id": "3", "name": "Julianos", "current_location": [40.73177160800917, -73.98768967670914], "predominant_location": [40.73177160800917, -73.98768967670914], "tastes": {}, "travel_propensity": 0.0, "candidates": [], "pending_likes": {}, "matches": [], "match_blacklist": {"0": 1623261543.453041, "1": 1623261543.4555628, "2": 1623261543.4557977, "3": 1623261543.45606}}, "4": {"user_id": "4", "name": "Kynareth", "current_location": [40.76479559093038, -74.01791487352143], "predominant_location": [40.76479559093038, -74.01791487352143], "tastes": {}, "travel_propensity": 0.0, "candidates": [], "pending_likes": {}, "matches": [], "match_blacklist": {"0": 1623261543.453041, "1": 1623261543.4555628, "2": 1623261543.4557977, "3": 1623261543.45606, "4": 1623261543.4563196}}, "5": {"user_id": "5", "name": "Mara", "current_location": [40.72086658157817, -74.00183905871404], "predominant_location": [40.72086658157817, -74.00183905871404], "tastes": {}, "travel_propensity": 0.0, "candidates": [], "pending_likes": {}, "matches": [], "match_blacklist": {"0": 1623261543.453041, "1": 1623261543.4555628, "2": 1623261543.4557977, "3": 1623261543.45606, "4": 1623261543.4563196, "5": 1623261543.456594}}, "6": {"user_id": "6", "name": "Stendarr", "current_location": [40.725217707321875, -74.0189579789203], "predominant_location": [40.725217707321875, -74.0189579789203], "tastes": {}, "travel_propensity": 0.0, "candidates": [], "pending_likes": {}, "matches": [], "match_blacklist": {"0": 1623261543.453041, "1": 1623261543.4555628, "2": 1623261543.4557977, "3": 1623261543.45606, "4": 1623261543.4563196, "5": 1623261543.456594, "6": 1623261543.456887}}, "7": {"user_id": "7", "name": "Talos", "current_location": [40.74398126998127, -73.99036023623222], "predominant_location": [40.74398126998127, -73.99036023623222], "tastes": {}, "travel_propensity": 0.0, "candidates": [], "pending_likes": {}, "matches": [], "match_blacklist": {"0": 1623261543.453041, "1": 1623261543.4555628, "2": 1623261543.4557977, "3": 1623261543.45606, "4": 1623261543.4563196, "5": 1623261543.456594, "6": 1623261543.456887, "7": 1623261543.4572022}}, "8": {"user_id": "8", "name": "Zenithar", "current_location": [40.7568078634429, -73.98146686710474], "predominant_location": [40.7568078634429, -73.98146686710474], "tastes": {}, "travel_propensity": 0.0, "candidates": [], "pending_likes": {}, "matches": [], "match_blacklist": {"0": 1623261543.453041, "1": 1623261543.4555628, "2": 1623261543.4557977, "3": 1623261543.45606, "4": 1623261543.4563196, "5": 1623261543.456594, "6": 1623261543.456887, "7": 1623261543.4572022, "8": 1623261543.4575424}}, "9": {"user_id": "9", "name": "Azura", "current_location": [40.7169786442563, -74.01782573313321], "predominant_location": [40.7169786442563, -74.01782573313321], "tastes": {}, "travel_propensity": 0.0, "candidates": [], "pending_likes": {}, "matches": [], "match_blacklist": {"0": 1623261543.453041, "1": 1623261543.4555628, "2": 1623261543.4557977, "3": 1623261543.45606, "4": 1623261543.4563196, "5": 1623261543.456594, "6": 1623261543.456887, "7": 1623261543.4572022, "8": 1623261543.4575424, "9": 1623261543.4579184}}, "10": {"user_id": "10", "name": "Boethiah", "current_location": [40.76884643989995, -73.99752036732055], "predominant_location": [40.76884643989995, -73.99752036732055], "tastes": {}, "travel_propensity": 0.0, "candidates": [], "pending_likes": {}, "matches": [], "match_blacklist": {"0": 1623261543.453041, "1": 1623261543.4555628, "2": 1623261543.4557977, "3": 1623261543.45606, "4": 1623261543.4563196, "5": 1623261543.456594, "6": 1623261543.456887, "7": 1623261543.4572022, "8": 1623261543.4575424, "9": 1623261543.4579184, "10": 1623261543.4583259}}, "11": {"user_id": "11", "name": "Clavicus Vile", "current_location": [40.71474510224756, -74.0038886985613], "predominant_location": [40.71474510224756, -74.0038886985613], "tastes": {}, "travel_propensity": 0.0, "candidates": [], "pending_likes": {}, "matches": [], "match_blacklist": {"0": 1623261543.453041, "1": 1623261543.4555628, "2": 1623261543.4557977, "3": 1623261543.45606, "4": 1623261543.4563196, "5": 1623261543.456594, "6": 1623261543.456887, "7": 1623261543.4572022, "8": 1623261543.4575424, "9": 1623261543.4579184, "10": 1623261543.4583259, "11": 1623261543.4587946}}, "12": {"user_id": "12", "name": "Hermaeus Mora", "current_location": [40.75752803710793, -74.00226241936676], "predominant_location": [40.75752803710793, -74.00226241936676], "tastes": {}, "travel_propensity": 0.0, "candidates": [], "pending_likes": {}, "matches": [], "match_blacklist": {"0": 1623261543.453041, "1": 1623261543.4555628, "2": 1623261543.4557977, "3": 1623261543.45606, "4": 1623261543.4563196, "5": 1623261543.456594, "6": 1623261543.456887, "7": 1623261543.4572022, "8": 1623261543.4575424, "9": 1623261543.4579184, "10": 1623261543.4583259, "11": 1623261543.4587946, "12": 1623261543.4592845}}, "13": {"user_id": "13", "name": "Hircine", "current_location": [40.76863358049971, -74.01022937693632], "predominant_location": [40.76863358049971, -74.01022937693632], "tastes": {}, "travel_propensity": 0.0, "candidates": [], "pending_likes": {}, "matches": [], "match_blacklist": {"0": 1623261543.453041, "1": 1623261543.4555628, "2": 1623261543.4557977, "3": 1623261543.45606, "4": 1623261543.4563196, "5": 1623261543.456594, "6": 1623261543.456887, "7": 1623261543.4572022, "8": 1623261543.4575424, "9": 1623261543.4579184, "10": 1623261543.4583259, "11": 1623261543.4587946, "12": 1623261543.4592845, "13": 1623261543.4598076}}, "14": {"user_id": "14", "name": "Jyggalag", "current_location": [40.7444253292431, -73.99933299185945], "predominant_location": [40.7444253292431, -73.99933299185945], "tastes": {}, "travel_propensity": 0.0, "candidates": [], "pending_likes": {}, "matches": [], "match_blacklist": {"0": 1623261543.453041, "1": 1623261543.4555628, "2": 1623261543.4557977, "3": 1623261543.45606, "4": 1623261543.4563196, "5": 1623261543.456594, "6": 1623261543.456887, "7": 1623261543.4572022, "8": 1623261543.4575424, "9": 1623261543.4579184, "10": 1623261543.4583259, "11": 1623261543.4587946, "12": 1623261543.4592845, "13": 1623261543.4598076, "14": 1623261543.460373}}, "15": {"user_id": "15", "name": "Malacath", "current_location": [40.75655193969896, -74.00986467255792], "predominant_location": [40.75655193969896, -74.00986467255792], "tastes": {}, "travel_propensity": 0.0, "candidates": [], "pending_likes": {}, "matches": [], "match_blacklist": {"0": 1623261543.453041, "1": 1623261543.4555628, "2": 1623261543.4557977, "3": 1623261543.45606, "4": 1623261543.4563196, "5": 1623261543.456594, "6": 1623261543.456887, "7": 1623261543.4572022, "8": 1623261543.4575424, "9": 1623261543.4579184, "10": 1623261543.4583259, "11": 1623261543.4587946, "12": 1623261543.4592845, "13": 1623261543.4598076, "14": 1623261543.460373, "15": 1623261543.4609752}}, "16": {"user_id": "16", "name": "Mehrunes Dagon",